Open,High,Low,Close,Volume,Date
77.52,77.6,75.36,76.24,4055813,2017-08-28
75.84,76.0,74.72,75.68,2447818,2017-08-29
75.2,76.32,74.88,75.04,2353951,2017-08-30
75.92,77.52,75.92,77.04,3174543,2017-08-31
76.8,77.36,76.08,77.36,2000798,2017-09-01
79.28,80.0,79.12,79.36,3074722,2017-09-05
80.16,80.72,79.68,80.32,2573199,2017-09-06
79.84,80.48,79.68,80.24,2599589,2017-09-07
79.92,80.16,77.32,77.84,3009028,2017-09-08
77.32,78.87899999999999,76.903,78.56,2050631,2017-09-11
78.64,79.12,78.40100000000001,78.96,1766191,2017-09-12
79.36,80.56,79.12100000000001,80.56,2817119,2017-09-13
81.36,82.24,80.88,81.04,3194381,2017-09-14
81.52,81.72,81.12,81.6,2009801,2017-09-15
81.12,81.6,80.32,81.36,2365574,2017-09-18
81.76,81.92,80.4,80.88,1898455,2017-09-19
81.52,82.64,81.04,81.92,2868281,2017-09-20
81.44,82.08,81.014,82.0,1448693,2017-09-21
81.6,82.072,81.416,81.92,1634472,2017-09-22
82.72,84.48,82.72,84.4,3730844,2017-09-25
83.68,84.08,83.12,83.92,1798768,2017-09-26
84.16,84.44,83.48,84.16,2002549,2017-09-27
85.04,85.2,82.8,83.44,2335278,2017-09-28
83.12,83.68,82.88,83.44,1639652,2017-09-29
81.36,81.878,80.96,81.68,2213713,2017-10-02
81.68,82.0,81.28,81.44,1403845,2017-10-03
81.44,81.92,80.48,80.64,1632022,2017-10-04
81.12,82.8,81.04,82.0,1622446,2017-10-05
80.08,80.16,79.361,79.76,2938512,2017-10-06
79.92,80.48,79.68,80.0,1371594,2017-10-09
81.6,82.56,81.52,82.24,1938148,2017-10-10
82.48,82.96,81.768,82.88,1737129,2017-10-11
81.36,82.32,81.04,81.84,1901779,2017-10-12
83.04,83.2,82.32,82.96,2301424,2017-10-13
84.24,84.32,83.36,83.68,2004898,2017-10-16
83.76,84.24,82.648,83.92,2050368,2017-10-17
84.08,84.4,83.4,83.84,1682235,2017-10-18
82.72,83.352,82.564,82.8,1444261,2017-10-19
82.32,83.52,82.28,83.44,1497844,2017-10-20
83.76,83.92,82.96,83.36,1418269,2017-10-23
83.88,84.4,83.12,84.32,2295343,2017-10-24
83.84,84.16,83.36,83.84,2153873,2017-10-25
83.6,84.64,83.4,84.56,1917320,2017-10-26
84.48,86.8,84.4,86.72,3086504,2017-10-27
87.2,87.44,86.44,86.96,1573171,2017-10-30
86.8,87.68,86.64,87.44,1754125,2017-10-31
88.24,88.48,86.56,87.2,2644006,2017-11-01
87.2,88.04,86.96799999999999,87.92,1259890,2017-11-02
88.0,89.6,87.4,89.44,2355765,2017-11-03
89.52,92.535,89.361,92.08,3842470,2017-11-06
91.76,92.24,91.36,91.92,2236468,2017-11-07
91.52,93.04,90.64,91.28,4651823,2017-11-08
91.36,92.4,91.2,91.68,2457473,2017-11-09
91.84,92.16,90.88,91.36,1462624,2017-11-10
91.36,91.84,90.48,91.04,1732753,2017-11-13
90.8,90.88,88.64,89.04,2688556,2017-11-14
88.64,89.2,88.16,88.72,1721941,2017-11-15
88.56,89.36,88.24,88.56,1528111,2017-11-16
89.68,90.88,89.56,90.8,2048349,2017-11-17
90.16,90.32,89.2,90.24,1429745,2017-11-20
90.4,91.56,90.4,91.2,1526915,2017-11-21
92.4,92.96,91.76,92.8,2245271,2017-11-22
93.92,94.32,93.6,94.32,1174267,2017-11-24
93.2,93.4,92.08,92.72,1735046,2017-11-27
92.48,93.0,92.24,92.64,1013502,2017-11-28
92.64,93.28,90.84,91.76,2011663,2017-11-29
92.4,92.64,90.961,91.76,2227370,2017-11-30
93.2,94.24,92.8,93.36,1768083,2017-12-01
92.32,92.64,91.775,91.92,1516423,2017-12-04
91.76,92.68,91.68,92.32,1613271,2017-12-05
91.2,91.28,89.44,89.6,2415141,2017-12-06
90.16,90.88,90.068,90.64,1137035,2017-12-07
92.16,92.4,91.2,91.92,1178327,2017-12-08
92.32,92.88,91.96799999999999,92.8,1793416,2017-12-11
93.12,93.12,90.96,91.52,3098474,2017-12-12
91.68,91.82,90.4,90.64,2270366,2017-12-13
89.76,91.44,89.68,91.44,1133348,2017-12-14
91.76,91.92,91.16,91.68,1200736,2017-12-15
92.0,92.2,90.96,91.52,1633500,2017-12-18
91.84,92.08,91.6,92.08,856010,2017-12-19
92.32,92.96,91.84,92.88,1264716,2017-12-20
92.32,93.36,92.16,93.12,1391803,2017-12-21
92.64,93.52,92.64,93.28,823693,2017-12-22
93.84,95.92,93.795,95.6,2199746,2017-12-26
95.44,95.68,94.96,95.36,1033771,2017-12-27
95.28,95.84,95.04,95.76,1545941,2017-12-28
96.16,96.72,95.84,96.08,1474681,2017-12-29
96.56,96.8,96.08,96.56,1497583,2018-01-02
97.36,98.84,97.36,98.72,2155258,2018-01-03
98.64,99.36,98.48,98.96,1479037,2018-01-04
98.24,98.64,97.68,98.48,1581157,2018-01-05
98.48,99.04,98.12,99.04,1227473,2018-01-08
99.28,101.12,98.96,100.56,2663004,2018-01-09
101.36,101.64,100.8,101.44,1821376,2018-01-10
102.08,103.36,101.6,101.6,2578790,2018-01-11
101.44,103.12,101.21,102.96,2833173,2018-01-12
102.48,102.88,101.44,102.08,2277795,2018-01-16
101.84,102.72,101.68,102.24,1992880,2018-01-17
102.0,102.8,101.6,102.08,2075683,2018-01-18
101.44,101.92,100.89,101.76,2167357,2018-01-19
101.44,102.72,101.04,102.24,1866107,2018-01-22
102.72,103.92,102.62,103.76,2073245,2018-01-23
103.52,105.84,103.28,105.76,3267301,2018-01-24
106.24,106.4,104.24,104.48,2094911,2018-01-25
104.88,106.32,104.8,105.92,3971980,2018-01-26
104.88,105.2,104.08,104.88,1975934,2018-01-29
103.52,103.6,102.72,103.2,4300993,2018-01-30
103.28,104.08,102.32,103.84,2657380,2018-01-31
104.64,106.08,104.24,105.92,2509162,2018-02-01
104.96,105.36,103.32,104.32,3593230,2018-02-02
104.24,104.56,101.84,102.16,3835139,2018-02-05
101.6,103.04,101.36,101.6,2954536,2018-02-06
101.76,102.48,98.24,98.96,4612658,2018-02-07
99.36,99.48,96.64,96.72,3407319,2018-02-08
96.88,97.12,93.19200000000001,94.88,5393895,2018-02-09
95.84,96.76,94.92,95.12,2038865,2018-02-12
94.32,95.432,93.68,94.96,2371136,2018-02-13
93.84,97.8,93.52,97.44,4467412,2018-02-14
96.72,98.88,95.911,98.64,2405048,2018-02-15
98.16,99.52,97.76,99.04,2199660,2018-02-16
99.36,100.48,98.8,99.12,2719723,2018-02-20
98.64,99.52,98.24,98.32,1422518,2018-02-21
99.68,101.48,99.066,100.72,2411641,2018-02-22
100.88,102.56,100.76,102.16,2299848,2018-02-23
101.84,103.32,101.45,102.88,1747928,2018-02-26
102.72,102.8,100.89,101.2,2128953,2018-02-27
101.68,102.08,98.72,98.96,3475799,2018-02-28
98.08,99.04,96.88,98.8,3238868,2018-03-01
97.76,98.96,96.8,98.96,2254716,2018-03-02
98.64,101.04,98.552,100.72,2458353,2018-03-05
100.96,101.08,100.04,100.56,2256982,2018-03-06
99.84,100.72,97.52,98.8,3119717,2018-03-07
98.56,98.64,96.64,97.2,2881230,2018-03-08
98.16,100.0,98.08,99.76,2423105,2018-03-09
99.28,99.52,97.76,98.96,2185134,2018-03-12
98.48,99.99,97.2,97.92,3024240,2018-03-13
98.24,98.72,97.08,98.24,2319625,2018-03-14
98.8,99.32,98.32,98.72,1467356,2018-03-15
98.8,100.96,98.56,100.4,3485082,2018-03-16
100.56,100.63,99.12,100.4,2855362,2018-03-19
102.08,103.19,101.68,102.48,2281837,2018-03-20
103.68,105.68,103.44,105.44,2886028,2018-03-21
104.08,104.4,103.44,103.6,1966450,2018-03-22
104.72,106.4,104.64,106.24,2269887,2018-03-23
105.84,106.24,104.96,105.68,3121832,2018-03-26
106.24,106.32,104.28,104.64,2577165,2018-03-27
104.16,105.04,102.8,104.32,2372903,2018-03-28
103.92,105.28,103.52,104.72,2040579,2018-03-29
103.84,103.84,101.6,101.92,2413919,2018-04-02
102.24,102.88,101.76,102.48,1146828,2018-04-03
100.4,102.64,100.16,102.56,2538850,2018-04-04
102.56,103.48,101.92,102.64,2155790,2018-04-05
102.4,102.76,99.76,100.08,3147510,2018-04-06
101.52,102.64,101.36,102.16,1601759,2018-04-09
104.16,106.16,104.16,106.0,2972674,2018-04-10
106.4,108.73,106.0,107.6,3085557,2018-04-11
107.2,108.32,106.4,108.16,1859006,2018-04-12
108.4,109.12,108.0,108.4,1770344,2018-04-13
107.92,107.99,106.72,107.04,1753078,2018-04-16
106.16,107.52,105.92,107.28,1644390,2018-04-17
109.6,111.2,109.12,111.04,3322393,2018-04-18
111.6,112.0,109.79,110.16,2178551,2018-04-19
109.28,110.72,108.96,110.0,1478880,2018-04-20
108.88,111.52,108.4,111.36,2074094,2018-04-23
110.8,112.0,109.04,109.44,2510055,2018-04-24
109.52,110.08,108.36,109.76,1707313,2018-04-25
110.64,110.72,109.36,110.16,2151707,2018-04-26
109.44,110.4,109.38,109.84,1601478,2018-04-27
108.96,112.0,108.8,110.4,3617162,2018-04-30
109.52,109.6,108.0,108.88,2011511,2018-05-01
108.48,110.04,108.08,109.36,1727873,2018-05-02
109.04,110.77,108.62,110.56,1519749,2018-05-03
110.64,113.04,110.62,112.72,2346757,2018-05-04
113.52,114.4,112.24,112.8,3598651,2018-05-07
113.44,113.75,109.24,112.48,6607808,2018-05-08
114.16,115.28,114.08,114.96,2435308,2018-05-09
115.04,115.52,114.0,115.28,1953385,2018-05-10
114.96,115.4,113.92,114.0,1758750,2018-05-11
114.4,115.2,114.28,115.04,2033307,2018-05-14
114.96,115.52,114.0,115.2,2236963,2018-05-15
114.72,115.84,114.4,115.68,1683020,2018-05-16
116.32,117.04,115.16,115.92,2149868,2018-05-17
115.52,116.0,114.96,115.44,1557264,2018-05-18
115.84,117.36,115.72,117.36,1681883,2018-05-21
117.2,117.92,116.4,116.48,2459500,2018-05-22
116.24,116.64,115.12,116.08,2011440,2018-05-23
114.32,115.2,114.16,114.32,1931740,2018-05-24
111.44,111.44,109.2,109.44,5070306,2018-05-25
108.56,108.8,106.64,108.08,3289130,2018-05-29
108.64,110.8,108.64,110.64,3015108,2018-05-30
108.64,110.28,107.68,108.4,3030751,2018-05-31
107.28,108.12,106.0,106.0,2868512,2018-06-01
106.4,106.67,104.48,104.96,2484442,2018-06-04
104.24,106.08,104.0,105.76,2788659,2018-06-05
105.52,106.0,104.0,105.28,2116213,2018-06-06
105.68,106.88,105.57,106.8,1776827,2018-06-07
106.48,107.15,105.44,106.16,1979262,2018-06-08
105.36,107.32,105.16,106.88,1836322,2018-06-11
106.72,107.88,106.64,107.2,2434166,2018-06-12
106.8,108.12,106.6,107.76,2182113,2018-06-13
108.4,108.5,107.2,108.16,1667250,2018-06-14
107.52,107.52,104.32,104.4,3436807,2018-06-15
105.36,106.64,104.96,106.32,2223116,2018-06-18
104.8,105.68,104.08,105.12,1999770,2018-06-19
106.56,107.52,105.2,106.24,2540238,2018-06-20
105.12,107.28,104.96,106.48,2245380,2018-06-21
109.68,112.24,108.73,112.16,4123494,2018-06-22
112.08,112.4,109.84,110.16,3099946,2018-06-25
111.28,114.45,110.32,114.16,4206998,2018-06-26
115.92,118.4,115.84,117.2,4305112,2018-06-27
117.84,119.92,117.52,118.88,3882687,2018-06-28
119.44,120.64,119.36,120.48,2701252,2018-06-29
120.0,120.48,118.97,119.68,2692019,2018-07-02
121.52,122.0,117.84,119.36,2636365,2018-07-03
120.0,120.4,117.6,118.24,2737153,2018-07-05
117.36,119.84,117.28,119.68,2368135,2018-07-06
119.76,120.24,118.48,120.24,1612272,2018-07-09
120.88,121.36,119.84,120.56,1926900,2018-07-10
119.04,120.24,113.73,114.48,4801040,2018-07-11
115.04,115.6,113.12,115.12,2938801,2018-07-12
115.36,117.28,115.16,115.76,2398042,2018-07-13
113.6,113.84,110.88,111.52,3900275,2018-07-16
110.72,112.4,110.08,111.6,6807061,2018-07-17
110.8,112.88,110.24,112.8,2784428,2018-07-18
112.64,114.32,112.24,113.04,2766292,2018-07-19
113.44,113.8,112.56,113.2,2851186,2018-07-20
114.56,115.2,112.4,112.72,2936998,2018-07-23
112.88,114.8,112.88,113.84,2495564,2018-07-24
114.24,115.84,113.36,115.36,2686585,2018-07-25
114.72,116.32,114.72,115.76,1978292,2018-07-26
115.6,116.0,113.54,114.56,1882916,2018-07-27
116.72,117.12,116.16,116.32,2155037,2018-07-30
115.04,115.2,113.92,114.24,2030491,2018-07-31
112.72,113.76,111.92,112.72,2264226,2018-08-01
112.08,115.36,111.84,114.88,2169659,2018-08-02
114.48,114.8,112.91,114.16,2062802,2018-08-03
115.2,116.32,114.4,114.48,2556026,2018-08-06
115.44,115.86,114.72,114.88,1672352,2018-08-07
113.48,113.52,110.4,111.2,3610016,2018-08-08
111.76,112.24,110.96,111.04,2018683,2018-08-09
112.08,112.96,111.95,112.64,2255277,2018-08-10
112.08,112.4,109.44,112.08,3423044,2018-08-13
113.76,113.84,111.12,111.92,2367782,2018-08-14
110.24,110.32,107.52,108.08,5946032,2018-08-15
108.56,109.2,108.16,109.04,2308626,2018-08-16
110.48,110.56,108.88,109.52,2552366,2018-08-17
109.52,110.4,109.24,110.08,2190329,2018-08-20
111.68,111.84,110.48,110.64,1340447,2018-08-21
113.04,114.56,112.44,114.16,2537694,2018-08-22
113.6,114.48,113.24,114.16,1441387,2018-08-23
116.0,116.64,114.88,115.44,1787910,2018-08-24
115.84,116.04,115.28,116.0,1358447,2018-08-27
116.08,116.08,114.8,115.44,1341259,2018-08-28
116.24,117.36,115.8,117.28,2214942,2018-08-29
117.52,118.64,117.12,118.0,1791734,2018-08-30
117.84,118.24,117.2,117.68,1375350,2018-08-31
118.8,118.96,116.24,116.64,1879480,2018-09-04
116.64,117.12,115.48,115.92,1609201,2018-09-05
115.68,115.92,112.8,114.4,1942388,2018-09-06
113.04,114.32,112.57,114.24,1718588,2018-09-07
115.04,115.36,113.38,113.68,1242658,2018-09-10
114.16,117.04,113.84,116.8,1551404,2018-09-11
118.0,119.68,117.84,118.24,2331057,2018-09-12
116.88,117.36,115.12,115.92,2303343,2018-09-13
115.84,117.68,114.48,116.0,2044781,2018-09-14
116.88,117.28,115.36,115.76,1802908,2018-09-17
117.52,118.48,116.68,117.52,1835955,2018-09-18
117.92,119.6,117.84,119.52,2182924,2018-09-19
120.16,120.36,118.24,118.4,1846080,2018-09-20
119.92,121.21,118.24,119.68,3544984,2018-09-21
121.76,122.85,121.36,122.0,3086345,2018-09-24
122.56,122.88,121.44,122.16,2287983,2018-09-25
121.36,121.92,120.72,120.88,1383155,2018-09-26
122.08,122.16,121.2,122.08,1472736,2018-09-27
121.92,124.56,121.84,124.16,2314641,2018-09-28
124.0,128.04,123.56,127.6,3279414,2018-10-01
127.6,127.64,126.64,126.96,1999752,2018-10-02
126.8,129.92,125.36,128.64,3278019,2018-10-03
128.24,128.24,124.88,125.92,3300207,2018-10-04
125.76,127.04,124.8,125.52,3253287,2018-10-05
124.48,125.64,124.24,125.44,2473343,2018-10-08
126.24,127.2,125.12,126.56,2912577,2018-10-09
126.16,126.16,122.96,123.04,2259738,2018-10-10
121.76,122.12,119.12,119.6,3723564,2018-10-11
121.12,121.28,119.36,120.96,3340894,2018-10-12
120.96,121.37,119.76,121.04,2797253,2018-10-15
120.72,122.16,120.4,121.52,2308704,2018-10-16
120.4,120.47,117.52,118.56,3950951,2018-10-17
116.48,118.08,116.08,116.48,2988333,2018-10-18
117.44,118.4,117.04,117.76,2574554,2018-10-19
116.8,118.0,116.0,117.92,2182722,2018-10-22
114.88,115.12,111.44,112.32,5841743,2018-10-23
113.92,114.72,112.32,112.4,3376749,2018-10-24
113.44,114.64,113.28,113.68,1922628,2018-10-25
112.96,115.0,112.48,114.64,2714951,2018-10-26
114.0,114.24,112.32,112.88,2657918,2018-10-29
111.2,113.28,110.96,112.24,2458201,2018-10-30
111.92,113.0,110.17,110.32,3998849,2018-10-31
110.88,110.88,106.96,107.68,4506739,2018-11-01
107.36,108.12,106.2,106.48,3595178,2018-11-02
107.92,108.72,106.32,106.4,2456172,2018-11-05
107.12,107.36,103.94,105.44,3702320,2018-11-06
106.08,106.48,103.8,104.48,3240038,2018-11-07
103.92,104.48,102.56,102.72,3425127,2018-11-08
101.2,102.72,100.56,101.6,3858088,2018-11-09
102.88,103.76,99.52,99.84,4355879,2018-11-12
99.36,99.84,92.92,93.52,10619466,2018-11-13
96.12,97.36,95.04,95.6,6936099,2018-11-14
95.92,97.24,95.44,95.84,4923987,2018-11-15
97.6,98.4,94.96,96.56,3793374,2018-11-16
95.04,97.44,93.56,97.12,4316194,2018-11-19
94.64,95.2,89.306,90.16,9022216,2018-11-20
92.08,94.52,91.36,92.16,4777603,2018-11-21
87.04,87.52,85.52,86.64,6942045,2018-11-23
87.6,88.48,87.04,87.52,4877696,2018-11-26
87.76,88.64,85.15299999999999,87.6,4510757,2018-11-27
86.8,88.32,84.8,85.28,6097719,2018-11-28
86.72,88.32,86.08,86.96,4139982,2018-11-29
85.04,87.4,84.08,85.84,5852474,2018-11-30
90.16,90.16,88.16,90.16,4044548,2018-12-03
89.96,90.802,89.2,89.44,3399303,2018-12-04
86.88,87.999,84.8,87.52,5738675,2018-12-06
90.96,91.805,88.6,88.88,5410952,2018-12-07
86.96,88.22,85.6,86.0,3925260,2018-12-10
88.32,88.79899999999999,86.8,87.6,2606042,2018-12-11
88.56,89.04,86.32,86.56,3284498,2018-12-12
85.92,90.16,85.72,89.68,6635336,2018-12-13
88.72,88.792,86.24,86.56,4474004,2018-12-14
87.12,87.28,83.28,83.6,5016203,2018-12-17
83.28,83.28,77.84,78.32,7047744,2018-12-18
79.76,81.6,79.36,80.16,4808566,2018-12-19
78.48,79.68,77.12,77.76,5516571,2018-12-20
76.96,78.24,76.32,76.56,4862655,2018-12-21
75.92,76.16,74.24,74.32,2699773,2018-12-24
74.0,79.36,73.84,79.2,5122350,2018-12-26
76.72,77.17399999999999,74.96,76.96,4572334,2018-12-27
76.32,77.2,75.04,76.24,2850421,2018-12-28
77.04,77.64,75.52,77.28,3552177,2018-12-31
75.36,80.668,74.88,78.8,4137855,2019-01-02
79.92,80.08,77.24,79.6,4027375,2019-01-03
81.36,83.12,80.48,81.44,4864510,2019-01-04
82.16,84.16,81.85300000000001,82.32,4031141,2019-01-07
83.44,84.398,82.87899999999999,84.0,3644150,2019-01-08
86.48,88.8,85.52,88.4,6148536,2019-01-09
87.12,89.12,86.8,88.8,2647249,2019-01-10
87.84,88.4,86.44,87.2,3576688,2019-01-11
86.48,87.44,85.04,85.52,3882536,2019-01-14
86.8,88.32,86.8,88.0,2989482,2019-01-15
87.6,88.56,86.57,88.48,4094159,2019-01-16
87.04,88.8,86.16,88.24,4481596,2019-01-17
88.96,90.96,88.346,90.48,5105031,2019-01-18
88.72,89.273,87.4,88.96,4597172,2019-01-22
89.36,89.52,87.12,88.4,3630601,2019-01-23
88.48,89.84,88.24,89.36,2748365,2019-01-24
89.6,90.4,89.28,90.0,2220977,2019-01-25
87.52,87.742,86.24,87.6,3613907,2019-01-28
88.96,90.6,88.96,89.28,2847829,2019-01-29
90.72,92.32,90.32,91.2,2582504,2019-01-30
92.0,93.04,90.085,90.8,3443349,2019-01-31
91.2,93.52,91.12,93.04,2362478,2019-02-01
91.04,92.16,89.6,92.0,2478473,2019-02-04
90.24,91.781,89.84,90.32,2743159,2019-02-05
89.68,91.28,89.056,90.56,2399106,2019-02-06
90.08,90.32,87.054,88.56,2777824,2019-02-07
88.8,89.04,87.76,88.64,1734604,2019-02-08
86.72,88.48,86.16,88.08,2945869,2019-02-11
90.56,90.72,89.04,89.28,2233892,2019-02-12
90.4,91.76899999999999,90.351,90.72,2597723,2019-02-13
90.16,91.84,89.36,91.84,3395522,2019-02-14
92.88,93.84,92.584,93.68,2346180,2019-02-15
93.12,94.4,93.04,94.24,2636742,2019-02-19
93.84,96.16,93.76,95.44,2125911,2019-02-20
95.12,95.52,94.64,95.04,1654337,2019-02-21
96.0,96.48,95.44,95.6,1635109,2019-02-22
93.84,94.16,92.0,92.56,3565645,2019-02-25
92.88,93.6,92.32,93.04,2493223,2019-02-26
94.6,95.92,94.08,95.12,2688472,2019-02-27
95.36,95.944,94.8,95.6,1783633,2019-02-28
95.6,96.24,92.88,93.28,3959204,2019-03-01
94.72,95.28,93.44,94.4,2754205,2019-03-04
95.28,95.44,94.08,94.56,2590208,2019-03-05
93.68,94.31200000000001,92.64,94.0,3225271,2019-03-06
94.64,94.88,94.01299999999999,94.48,2221279,2019-03-07
92.08,93.92,91.12,93.84,3694683,2019-03-08
94.96,95.2,94.16,94.88,2811998,2019-03-11
95.52,96.16,94.8,95.12,2052432,2019-03-12
96.4,97.68,96.24,97.52,3626701,2019-03-13
97.76,98.16,97.086,97.76,2648074,2019-03-14
96.64,97.92,96.48,97.6,2030775,2019-03-15
97.84,98.96,97.64,98.48,2304933,2019-03-18
99.04,99.28,97.885,98.24,1948515,2019-03-19
98.16,100.16,98.0,100.0,2446095,2019-03-20
99.84,100.4,99.12,99.52,1866703,2019-03-21
98.4,98.56,96.88,97.84,2842485,2019-03-22
97.44,98.64,96.64,98.0,2457836,2019-03-25
99.92,100.32,99.2,99.76,2047624,2019-03-26
99.92,100.08,97.76,98.72,2391096,2019-03-27
97.2,98.8,97.12,98.8,2587634,2019-03-28
100.48,100.48,99.36,100.0,2203940,2019-03-29
100.96,102.64,100.64,102.56,2856934,2019-04-01
103.04,104.32,102.8,104.08,2901423,2019-04-02
104.0,104.48,103.2,103.92,3037745,2019-04-03
103.84,104.32,102.88,103.36,2172126,2019-04-04
103.84,105.36,103.76,105.2,2344917,2019-04-05
105.84,107.28,105.84,107.2,2982435,2019-04-08
106.8,107.04,105.92,106.64,3424220,2019-04-09
107.04,107.68,106.64,107.28,2108259,2019-04-10
106.72,107.04,105.44,106.16,2359751,2019-04-11
106.88,107.16,106.24,106.4,2317663,2019-04-12
105.84,106.31,105.12,105.92,1979565,2019-04-15
105.84,107.04,105.04,106.96,1681164,2019-04-16
107.04,107.12,106.08,106.24,1932466,2019-04-17
106.4,106.72,105.84,106.56,1549136,2019-04-18
108.88,109.76,108.8,109.36,2547716,2019-04-22
109.76,110.84,109.64,110.32,2315431,2019-04-23
110.48,110.56,109.28,109.44,1879183,2019-04-24
109.52,109.8,108.0,108.24,2195307,2019-04-25
107.04,107.12,103.68,104.72,5269260,2019-04-26
105.2,106.0,104.44,105.84,2926274,2019-04-29
106.8,106.88,105.44,106.32,2096427,2019-04-30
106.24,106.44,104.48,105.76,3221471,2019-05-01
103.36,103.52,101.52,102.56,5288614,2019-05-02
102.96,104.08,102.8,102.96,3274225,2019-05-03
102.32,104.84,102.31,104.56,4741503,2019-05-06
102.24,102.8,101.04,101.84,3743117,2019-05-07
102.24,103.84,102.0,103.12,2893745,2019-05-08
102.56,102.96,101.48,102.48,2399019,2019-05-09
102.4,103.41,102.3,102.72,2353611,2019-05-10
105.12,105.53,101.12,101.44,4848842,2019-05-13
102.72,103.56,102.48,102.96,2536021,2019-05-14
102.16,104.04,102.08,103.76,2752536,2019-05-15
104.8,105.92,104.64,105.12,2457741,2019-05-16
105.28,106.04,104.25,104.64,2948458,2019-05-17
104.96,105.76,104.24,105.2,2682615,2019-05-20
104.88,105.36,104.4,105.04,1840012,2019-05-21
103.92,104.43,101.52,101.92,3444327,2019-05-22
98.96,98.96,95.36,96.72,5696452,2019-05-23
97.76,97.92,95.62899999999999,97.84,2690882,2019-05-24
98.96,98.96,97.6,97.84,2925529,2019-05-28
96.24,98.24,94.64,97.92,4513234,2019-05-29
98.24,98.32,93.76,94.08,3688590,2019-05-30
91.6,92.28,88.32,88.8,5039956,2019-05-31
90.4,90.56299999999999,87.68,87.92,4144102,2019-06-03
88.56,89.52,87.6,89.28,2809361,2019-06-04
88.08,88.16,84.24,86.16,5199918,2019-06-05
85.92,88.72,85.2,88.48,3949347,2019-06-06
87.76,90.4,87.6,89.84,3269396,2019-06-07
89.84,90.8,88.355,88.88,2936625,2019-06-10
89.52,89.76,88.28,88.88,2360615,2019-06-11
87.04,87.2,84.56,85.12,4382647,2019-06-12
88.56,88.64,86.48,87.04,4366046,2019-06-13
87.36,88.32,86.88,87.52,3216363,2019-06-14
86.8,87.56,86.0,86.48,3940363,2019-06-17
87.92,90.48,87.68,90.0,4511600,2019-06-18
89.12,90.72,88.8,90.64,5144683,2019-06-19
93.52,95.2,93.04,94.8,5822444,2019-06-20
94.88,95.84,94.8,95.76,3071972,2019-06-21
95.6,96.32,94.16,96.08,3329024,2019-06-24
96.28,96.88,95.52,96.0,2896216,2019-06-25
98.32,99.44,98.0,98.32,4382434,2019-06-26
98.32,99.12,98.096,98.32,3304889,2019-06-27
98.64,98.8,95.853,96.32,3607098,2019-06-28
99.52,99.56,96.848,98.24,3918918,2019-07-01
97.68,97.68,93.12,93.6,6164291,2019-07-02
94.48,94.84,93.182,94.16,2461279,2019-07-03
94.88,95.92,94.56,95.6,2838280,2019-07-05
95.96,97.041,95.28,95.44,3144796,2019-07-08
95.84,96.4,95.32700000000001,96.32,1831983,2019-07-09
98.64,100.52,98.4,100.24,4188493,2019-07-10
100.56,101.0,99.84,100.4,2230186,2019-07-11
100.08,100.64,99.52,100.16,1864222,2019-07-12
100.8,100.88,98.32,98.4,2717272,2019-07-15
98.96,99.76,94.88,96.56,4500138,2019-07-16
96.88,96.88,93.92,94.0,3774623,2019-07-17
94.24,94.4,90.96,92.48,4825066,2019-07-18
92.56,93.51899999999999,91.44,93.36,3138532,2019-07-19
92.96,93.677,92.64,93.44,3000223,2019-07-22
93.44,94.56,92.72,94.48,2235122,2019-07-23
94.48,95.6,91.772,92.72,4365505,2019-07-24
93.8,94.16,92.64,92.8,2486520,2019-07-25
93.12,93.68,92.4,93.2,2157044,2019-07-26
94.16,94.72,92.68799999999999,94.56,2837455,2019-07-29
94.72,96.76,94.56,96.64,2717495,2019-07-30
97.2,97.6,96.0,96.32,3487515,2019-07-31
94.96,95.04,88.96,90.48,7204322,2019-08-01
92.68,92.82600000000001,91.52,91.84,4697245,2019-08-02
90.48,92.32,90.32,90.96,5893976,2019-08-05
91.44,91.52,88.72,89.12,3784239,2019-08-06
86.48,87.12,83.92,86.72,6763022,2019-08-07
86.88,87.92,86.32,87.68,2943329,2019-08-08
89.76,91.04,89.6,90.24,3621720,2019-08-09
90.96,91.52,90.08,90.92,2948579,2019-08-12
90.64,95.44,90.48,94.96,5984431,2019-08-13
91.68,92.16,89.84,91.52,5230790,2019-08-14
90.4,91.36,89.76,90.8,3768831,2019-08-15
91.04,91.52,90.24,91.2,2934803,2019-08-16
92.8,93.68,92.0,93.28,3050403,2019-08-19
92.72,93.954,91.76,93.04,3081748,2019-08-20
94.72,94.96,92.4,92.88,3012189,2019-08-21
93.28,93.6,91.28,92.24,2724057,2019-08-22
89.84,91.12,88.6,89.52,4257204,2019-08-23
91.52,91.92,89.12,89.44,3261006,2019-08-26
89.92,91.68,89.36,91.36,3071538,2019-08-27
93.76,94.32,92.4,93.12,3798728,2019-08-28
93.2,94.641,93.16,94.24,2845681,2019-08-29
93.92,94.08,90.8,91.68,3818589,2019-08-30
88.72,90.16,87.92,89.76,3508324,2019-09-03
92.24,94.16,92.15799999999999,93.68,3644308,2019-09-04
94.4,96.08,93.2,93.6,3411113,2019-09-05
91.68,94.8,91.28,94.16,2792520,2019-09-06
95.36,96.8,95.16,96.64,2925376,2019-09-09
96.88,97.8,95.2,95.84,3195703,2019-09-10
95.92,96.4,92.64,93.44,4790672,2019-09-11
90.56,92.16,90.24,91.76,4467405,2019-09-12
91.92,92.2,91.066,91.52,1759294,2019-09-13
99.92,105.28,99.6,102.64,10127498,2019-09-16
103.44,103.44,97.2,98.32,12375256,2019-09-17
97.04,98.14399999999999,96.08,96.8,4342795,2019-09-18
97.76,98.28,96.88,97.52,3822516,2019-09-19
97.84,98.525,96.64,97.6,3016473,2019-09-20
97.12,97.92,96.32,97.68,2698017,2019-09-23
96.96,97.198,94.88,95.2,3699162,2019-09-24
93.28,94.56,92.8,94.4,2705956,2019-09-25
93.44,94.52,92.48,94.4,2632501,2019-09-26
92.56,94.719,92.4,93.28,3222683,2019-09-27
92.08,92.8,90.08,90.72,3176761,2019-09-30
91.12,91.44,88.56,89.52,3315106,2019-10-01
89.6,89.6,87.08,87.84,3566985,2019-10-02
86.64,87.84,85.12,87.44,3676880,2019-10-03
88.56,89.12,86.88,88.32,3501458,2019-10-04
89.12,90.24,87.84,88.32,2515126,2019-10-07
86.92,88.16,86.56,87.12,3059399,2019-10-08
89.44,89.68,87.44,87.92,2999427,2019-10-09
88.88,89.76,88.4,89.52,2662384,2019-10-10
89.92,91.681,89.92,91.36,4610519,2019-10-11
89.28,89.72,88.24,89.44,2974474,2019-10-14
89.2,89.84,88.08,88.48,3116883,2019-10-15
88.08,89.84,88.08,89.12,2560411,2019-10-16
88.52,90.48,88.04799999999999,90.24,2209639,2019-10-17
90.72,91.08,89.2,89.76,2495216,2019-10-18
88.4,89.76,88.32,89.68,2206605,2019-10-21
90.48,91.52,89.92,90.72,2782349,2019-10-22
90.2,93.6,90.16,93.2,3237419,2019-10-23
93.6,94.32,93.439,93.84,2023332,2019-10-24
93.68,94.72,92.854,94.64,2064118,2019-10-25
94.72,95.04,92.8,93.2,2371637,2019-10-28
91.48,93.36,91.36,92.64,2198252,2019-10-29
92.56,92.56,90.88,91.76,2995104,2019-10-30
91.12,91.2,89.68,90.4,2764131,2019-10-31
91.6,94.08,91.52,93.52,3279478,2019-11-01
95.44,95.92,94.24,94.48,3043047,2019-11-04
95.36,96.04,95.28,95.44,2096386,2019-11-05
95.68,96.619,93.76,94.48,4253383,2019-11-06
95.84,96.64,94.88,95.04,3258344,2019-11-07
93.84,96.0,93.12,95.92,3008853,2019-11-08
94.32,95.8,94.16,95.12,2231189,2019-11-11
95.68,96.16,94.48,94.96,2174317,2019-11-12
94.4,96.16,94.4,95.68,2815161,2019-11-13
96.32,96.48,94.8,95.28,2548215,2019-11-14
94.96,97.04,94.96,96.64,2205185,2019-11-15
95.84,96.08,94.64,95.2,3133965,2019-11-18
93.68,93.92,92.16,92.56,3606876,2019-11-19
93.4,95.84,92.962,95.2,4796600,2019-11-20
96.44,98.0,96.28,97.6,3373872,2019-11-21
97.6,97.68,96.08,96.88,2237292,2019-11-22
96.24,97.12,95.759,96.88,2349316,2019-11-25
97.36,97.84,96.602,97.52,2056807,2019-11-26
97.28,97.76,96.12,97.12,1884605,2019-11-27
95.44,95.52,92.34,92.96,3345292,2019-11-29
94.24,94.48,92.96,93.36,1742016,2019-12-02
93.36,94.88,92.72,94.08,2917850,2019-12-03
96.48,98.0,96.4,97.52,3671403,2019-12-04
98.48,98.8,97.16,97.52,2976256,2019-12-05
97.04,99.96,96.96,98.56,2626823,2019-12-06
98.0,99.0,98.0,98.64,1718813,2019-12-09
98.48,99.44,98.16,99.12,1284198,2019-12-10
98.64,98.92,97.12,98.4,1918329,2019-12-11
98.4,99.76,98.4,98.96,2787551,2019-12-12
99.28,101.04,99.12,99.92,2137636,2019-12-13
100.64,100.94,100.48,100.72,801840,2019-12-16
101.2,102.08,101.2,101.76,1494179,2019-12-17
101.28,102.32,100.96,101.92,1483655,2019-12-18
102.0,102.8,101.68,102.24,959589,2019-12-19
101.76,101.76,100.48,101.04,1429481,2019-12-20
100.88,101.76,100.72,101.6,931688,2019-12-23
101.84,102.32,101.8,102.16,431742,2019-12-24
102.56,103.52,102.56,103.12,881688,2019-12-26
103.36,103.68,102.56,103.28,1137992,2019-12-27
104.08,104.16,102.32,103.12,1121459,2019-12-30
101.68,103.64,101.52,102.48,1450665,2019-12-31
102.4,102.8,101.6,102.48,1562401,2020-01-02
106.16,106.53,104.24,105.44,4326415,2020-01-03
106.4,106.56,104.96,105.28,2599289,2020-01-06
104.8,105.44,104.08,105.04,1859810,2020-01-07
104.48,104.56,99.12,101.28,6927560,2020-01-08
99.6,100.32,98.32,99.92,3439673,2020-01-09
99.44,99.84,98.68,99.28,2016753,2020-01-10
98.48,98.48,97.28,97.6,2858833,2020-01-13
98.16,98.56,97.6,98.24,2338576,2020-01-14
97.6,97.76,96.4,97.44,1881759,2020-01-15
97.6,98.84,97.56,98.32,1960807,2020-01-16
98.64,98.96,97.92,98.64,2220763,2020-01-17
97.76,98.72,97.68,97.92,1709633,2020-01-21
96.24,96.32,95.0,95.2,3196459,2020-01-22
92.8,93.68,92.0,93.28,3858529,2020-01-23
91.92,92.0,90.48,91.44,3051030,2020-01-24
88.88,89.92,88.16,88.8,3142594,2020-01-27
89.28,90.56,88.891,90.0,3048704,2020-01-28
90.24,90.28,88.72,89.28,2724537,2020-01-29
87.44,88.72,86.8,88.64,3689645,2020-01-30
87.04,87.84,85.6,86.72,4051945,2020-01-31
85.96,86.682,83.84,83.92,5058607,2020-02-03
85.44,85.6,83.2,83.52,5189423,2020-02-04
86.0,87.12,84.72,85.6,5089346,2020-02-05
85.12,86.16,84.4,85.92,3249832,2020-02-06
84.8,85.76,84.28,84.64,2610966,2020-02-07
83.84,84.48,83.04,83.36,2825924,2020-02-10
85.04,85.12,83.6,84.0,3117020,2020-02-11
86.56,86.88,85.68,86.48,3927024,2020-02-12
86.56,87.2,86.0,86.72,3609586,2020-02-13
87.68,87.92,86.72,87.6,3057122,2020-02-14
86.08,87.6,86.0,87.6,2678366,2020-02-18
89.04,89.84,88.16,89.44,3137581,2020-02-19
90.48,91.4,89.96,90.24,3422721,2020-02-20
88.64,89.64,87.92,89.28,3380644,2020-02-21
85.04,86.44,84.4,85.92,4694087,2020-02-24
86.08,86.2,83.2,83.2,4134238,2020-02-25
83.04,84.4,80.84,81.52,4932919,2020-02-26
77.76,79.92,76.8,78.24,6233219,2020-02-27
75.36,76.0,73.36,75.6,5375028,2020-02-28
77.36,79.36,76.32,79.36,5173360,2020-03-02
80.0,81.4,77.786,79.12,6408246,2020-03-03
80.84,81.04,78.08,78.88,5793719,2020-03-04
78.48,78.8,76.4,76.88,4140319,2020-03-05
74.08,74.16,68.8,69.84,9782053,2020-03-06
54.56,58.4,52.0,52.16,19268563,2020-03-09
56.72,58.64,54.84,57.92,10698380,2020-03-10
56.16,56.72,54.708999999999996,55.52,8147388,2020-03-11
51.52,54.4,51.44,52.32,11630327,2020-03-12
55.12,57.04,52.32,55.68,9832216,2020-03-13
48.72,51.04,46.56,48.4,9516617,2020-03-16
48.32,49.2,45.04,45.68,8618145,2020-03-17
40.48,41.44,34.32,37.68,23764246,2020-03-18
38.32,45.36,36.8,42.96,16266997,2020-03-19
42.2,42.96,37.44,39.52,18333656,2020-03-20
38.16,39.2,36.2,39.04,9050389,2020-03-23
40.48,40.56,38.32,39.84,10639511,2020-03-24
39.12,41.28,38.0,40.64,12344863,2020-03-25
39.2,39.68,37.12,38.64,15703501,2020-03-26
36.12,36.24,34.64,35.76,15312045,2020-03-27
33.68,34.24,32.24,33.84,20541169,2020-03-30
34.96,34.96,33.28,33.68,15639523,2020-03-31
33.92,35.04,33.04,35.04,14878649,2020-04-01
36.64,45.36,36.0,40.88,40226722,2020-04-02
45.6,48.16,43.52,47.2,28238825,2020-04-03
44.96,45.656000000000006,42.96,43.84,20350277,2020-04-06
43.68,44.24,39.12,40.72,23432474,2020-04-07
40.64,43.2,39.52,42.96,21113948,2020-04-08
43.2,46.24,38.4,39.84,37976147,2020-04-09
39.72,40.56,38.8,39.44,15693891,2020-04-13
38.04,38.4,36.24,37.28,23983994,2020-04-14
35.44,35.76,34.4,35.44,27402749,2020-04-15
35.2,35.28,33.2,34.88,30161234,2020-04-16
33.2,34.08,32.8,33.68,31270570,2020-04-17
30.08,32.4,29.6,30.0,109403819,2020-04-20
25.52,27.199,18.48,22.48,125406993,2020-04-21
23.2,23.52,20.0,20.08,54851781,2020-04-22
21.44,22.96,20.8,21.12,39783683,2020-04-23
21.52,21.84,20.08,20.56,22803899,2020-04-24
18.4,18.4,17.04,17.52,33884998,2020-04-27
17.28,18.0,16.88,17.04,19476846,2020-04-28
18.01,18.22,17.46,18.0,23378606,2020-04-29
18.76,19.3,17.865,19.12,24001260,2020-04-30
19.12,19.18,18.4201,18.86,13831085,2020-05-01
18.58,19.68,18.36,19.67,14044779,2020-05-04
20.76,21.79,20.7401,21.51,20954778,2020-05-05
21.29,21.51,20.3,20.85,17295781,2020-05-06
21.88,21.91,20.27,20.47,12745439,2020-05-07
21.08,21.6699,20.66,21.47,10523513,2020-05-08
21.53,21.6,20.76,21.17,10461550,2020-05-11
21.4,21.57,20.89,20.97,10138479,2020-05-12
21.05,21.31,20.3,20.6,10082948,2020-05-13
20.73,21.815,20.59,21.45,11539660,2020-05-14
21.95,22.61,21.6827,22.39,11524980,2020-05-15
24.04,24.8,23.8,24.31,19714050,2020-05-18
24.47,24.71,24.04,24.44,9373412,2020-05-19
24.95,25.535,24.88,25.34,11752379,2020-05-20
26.5,27.49,25.88,26.6,21259837,2020-05-21
26.09,26.15,25.06,25.57,10614746,2020-05-22
25.93,25.99,25.33,25.66,12891256,2020-05-26
25.18,25.34,24.26,25.0,13839746,2020-05-27
24.84,25.58,24.55,25.03,8094813,2020-05-28
24.64,26.434,24.6,25.88,12747840,2020-05-29
25.72,26.47,25.564,26.22,8218251,2020-06-01
26.55,27.1,26.4694,27.07,9131520,2020-06-02
27.17,27.53,26.651,27.12,11428031,2020-06-03
27.08,27.62,26.81,27.5,11376950,2020-06-04
28.59,29.19,28.37,28.87,11820579,2020-06-05
28.97,29.0,28.11,28.37,14161869,2020-06-08
28.07,28.55,27.68,28.42,10176420,2020-06-09
28.08,29.07,27.72,28.43,8303035,2020-06-10
26.8,27.17,25.94,26.36,22801292,2020-06-11
26.64,26.81,25.85,26.43,8885079,2020-06-12
25.47,27.0697,25.36,26.98,8642102,2020-06-15
27.86,28.29,26.97,27.64,11803851,2020-06-16
27.47,27.75,27.17,27.28,7388829,2020-06-17
27.31,28.0207,27.2409,27.89,6278325,2020-06-18
28.66,28.86,27.54,28.23,13500977,2020-06-19
28.43,29.04,28.33,28.98,8862130,2020-06-22
29.3,29.42,28.59,28.72,7358717,2020-06-23
28.41,28.62,26.82,27.25,11101135,2020-06-24
27.18,28.05,27.09,27.94,8768600,2020-06-25
27.67,27.6979,27.12,27.36,5255015,2020-06-26
27.81,28.47,27.62,28.27,6966516,2020-06-29
27.89,28.545,27.8015,28.06,5840558,2020-06-30
28.3,28.51,27.9307,28.35,6960417,2020-07-01
28.79,29.05,28.34,28.75,5545498,2020-07-02
28.79,29.26,28.77,28.96,6145973,2020-07-06
28.85,29.21,28.755,28.79,4674513,2020-07-07
29.03,29.29,28.84,29.18,4676507,2020-07-08
29.07,29.11,28.21,28.41,5602332,2020-07-09
28.48,29.17,28.41,29.03,5432428,2020-07-10
29.01,29.15,28.39,28.5,6540197,2020-07-13
28.23,29.08,28.16,28.88,5057522,2020-07-14
29.08,29.5,28.81,29.29,7041193,2020-07-15
29.18,29.43,29.03,29.16,3240412,2020-07-16
29.17,29.24,28.72,29.1,3570234,2020-07-17
28.9,29.25,28.59,29.12,3863793,2020-07-20
29.98,30.22,29.64,29.72,8346302,2020-07-21
29.44,29.89,29.3611,29.75,3925786,2020-07-22
29.59,29.93,29.12,29.41,5925149,2020-07-23
29.37,29.51,29.055,29.44,4947545,2020-07-24
29.34,29.855,28.975,29.72,6268487,2020-07-27
29.46,29.54,29.27,29.35,4423712,2020-07-28
29.6,29.75,29.451999999999998,29.57,3114921,2020-07-29
28.99,29.01,27.9,28.93,10024367,2020-07-30
29.09,29.1587,28.5941,29.07,5028542,2020-07-31
29.15,29.6541,29.03,29.34,5896671,2020-08-03
29.23,30.15,29.2127,29.78,7706315,2020-08-04
30.84,31.02,30.15,30.23,9100422,2020-08-05
30.52,30.58,30.12,30.18,4339767,2020-08-06
29.89,29.92,29.58,29.85,4867904,2020-08-07
30.16,30.36,29.97,30.16,4234823,2020-08-10
30.6,30.66,29.8185,29.82,5563594,2020-08-11
30.47,30.755,30.31,30.56,5307431,2020-08-12
30.48,30.66,30.2633,30.4,3414128,2020-08-13
30.23,30.42,30.02,30.33,3793145,2020-08-14
30.24,30.845,30.215,30.77,4307946,2020-08-17
30.41,30.83,30.39,30.6,5589528,2020-08-18
30.59,30.815,30.410999999999998,30.66,3781469,2020-08-19
30.02,30.59,29.78,30.52,6112078,2020-08-20
30.0,30.24,29.64,30.18,6523322,2020-08-21
30.33,30.535,30.23,30.35,4511767,2020-08-24
30.97,31.02,30.59,30.92,5251910,2020-08-25
31.07,31.19,30.835,30.93,5402599,2020-08-26
30.89,30.9,30.2708,30.67,4372557,2020-08-27
30.72,30.8,30.52,30.72,2437764,2020-08-28
30.9,30.9,30.39,30.58,3825156,2020-08-31
30.64,30.94,30.54,30.61,3930317,2020-09-01
30.58,30.6,29.5907,29.86,7281598,2020-09-02
29.15,29.775,29.04,29.64,7998970,2020-09-03
29.42,29.45,28.4007,28.51,7365862,2020-09-04
26.88,26.96,26.2715,26.75,10546433,2020-09-08
26.84,27.69,26.71,27.41,5310536,2020-09-09
27.23,27.47,26.75,26.79,4856758,2020-09-10
26.92,27.27,26.7311,27.04,3361988,2020-09-11
26.74,27.02,26.6,26.94,3311180,2020-09-14
27.06,27.7,26.96,27.52,3914066,2020-09-15
28.2,28.8,28.06,28.7,5787880,2020-09-16
28.57,29.39,28.43,29.23,4584252,2020-09-17
29.19,29.43,28.9,29.06,3058125,2020-09-18
28.67,28.76,27.6581,28.29,5361818,2020-09-21
28.36,28.53,27.82,28.17,3020496,2020-09-22
28.35,28.84,28.0,28.03,5108068,2020-09-23
28.3,28.5948,28.13,28.5,3418804,2020-09-24
28.3,28.56,28.1746,28.35,2445226,2020-09-25
28.5,28.86,28.3,28.69,2428845,2020-09-28
28.31,28.32,27.28,27.7,5344701,2020-09-29
27.94,28.5617,27.89,28.29,3445440,2020-09-30
27.76,27.86,26.765,27.51,6557070,2020-10-01
26.25,26.89,26.09,26.35,8583320,2020-10-02
27.58,28.16,27.44,27.93,7854861,2020-10-05
28.66,28.91,28.31,28.39,6288696,2020-10-06
28.16,28.41,27.89,28.39,5526195,2020-10-07
28.99,29.2,28.75,29.14,6567389,2020-10-08
28.99,29.25,28.59,28.69,4596414,2020-10-09
28.4,28.4,27.73,28.07,4553072,2020-10-12
28.46,28.65,28.27,28.46,3624048,2020-10-13
28.89,29.05,28.8,28.98,3195994,2020-10-14
28.07,28.95,28.005,28.94,5281400,2020-10-15
28.59,28.865,28.33,28.72,2517795,2020-10-16
28.83,29.01,28.585,28.59,2802970,2020-10-19
28.48,29.31,28.46,29.05,4394236,2020-10-20
28.61,28.78,27.93,28.1,5165740,2020-10-21
28.3,28.75,28.28,28.51,3236867,2020-10-22
28.55,28.56,27.7815,27.88,3986229,2020-10-23
27.33,27.46,26.95,27.11,4646723,2020-10-26
27.31,27.95,27.23,27.69,3037176,2020-10-27
26.44,26.56,26.09,26.31,7010972,2020-10-28
24.92,25.74,24.75,25.6,8401411,2020-10-29
25.31,25.4,24.96,25.25,5426085,2020-10-30
25.16,26.29,25.14,26.26,5385148,2020-11-02
26.94,27.01,26.45,26.72,7241315,2020-11-03
27.12,27.63,26.6889,27.44,5982511,2020-11-04
27.41,27.7,27.08,27.16,5115014,2020-11-05
26.83,26.87,26.2,26.47,5117706,2020-11-06
28.59,28.82,28.06,28.07,9840283,2020-11-09
28.66,28.97,28.47,28.91,6602443,2020-11-10
29.7,29.75,28.92,29.04,6376554,2020-11-11
29.21,29.4366,28.62,28.66,6091355,2020-11-12
28.52,28.5701,28.06,28.13,4373548,2020-11-13
29.12,29.17,28.66,28.81,4576603,2020-11-16
28.57,29.015,28.48,28.87,3614024,2020-11-17
29.07,29.36,28.96,29.0,4112069,2020-11-18
28.93,29.14,28.75,29.09,2934277,2020-11-19
28.93,29.36,28.92,29.27,4908811,2020-11-20
29.58,29.72,29.41,29.52,4398041,2020-11-23
30.23,31.03,30.21,30.8,9098520,2020-11-24
31.3,31.68,31.02,31.37,5865626,2020-11-25
31.12,31.36,31.03,31.22,2904863,2020-11-27
31.12,31.285,30.68,30.97,6778489,2020-11-30
30.9,30.96,30.34,30.62,4543120,2020-12-01
30.58,31.43,30.58,30.97,7064310,2020-12-02
30.89,31.36,30.81,31.25,5559714,2020-12-03
31.31,31.74,31.28,31.56,6930198,2020-12-04
31.44,31.87,31.31,31.4,4779809,2020-12-07
31.22,31.465,31.04,31.41,3784982,2020-12-08
31.55,31.66,30.9989,31.34,7631083,2020-12-09
31.84,32.645,31.83,32.11,7572017,2020-12-10
32.03,32.1327,31.77,31.94,3394047,2020-12-11
32.14,32.2281,31.37,32.17,4877234,2020-12-14
32.32,32.6224,32.25,32.54,3509357,2020-12-15
32.55,32.81,32.32,32.74,4349302,2020-12-16
33.01,33.227,32.92,33.16,4534039,2020-12-17
33.33,33.67,33.26,33.48,4758989,2020-12-18
32.18,32.84,32.12,32.64,6144336,2020-12-21
32.28,32.47,32.0,32.09,3769374,2020-12-22
32.33,33.08,32.33,32.75,5077488,2020-12-23
32.66,32.92,32.57,32.92,1694292,2020-12-24
32.88,33.05,32.51,32.59,4917521,2020-12-28
32.95,32.99,32.66,32.78,3630959,2020-12-29
32.58,33.2168,32.55,32.91,4840011,2020-12-30
32.73,33.105,32.63,33.01,4424897,2020-12-31
33.0,33.29,32.24,32.38,14340206,2021-01-04
33.38,34.12,33.38,33.94,13616817,2021-01-05
33.94,34.47,33.56,34.11,7461058,2021-01-06
34.35,34.585,34.29,34.53,4103115,2021-01-07
34.93,35.5,34.75,35.43,7554646,2021-01-08
34.88,35.405,34.81,35.26,5113090,2021-01-11
35.65,36.01,35.57,35.9,4185837,2021-01-12
35.77,36.1,35.6,35.8,4456975,2021-01-13
35.7,36.32,35.61,36.24,5175030,2021-01-14
35.72,35.82,35.125,35.34,5492212,2021-01-15
35.71,35.89,35.53,35.75,3804303,2021-01-19
36.14,36.2,35.6887,35.79,3222621,2021-01-20
35.82,36.0,35.6386,35.76,3013233,2021-01-21
34.96,35.62,34.91,35.23,4673306,2021-01-22
35.11,35.66,35.03,35.59,4134539,2021-01-25
35.69,35.8,35.38,35.45,2628089,2021-01-26
35.41,35.93,35.02,35.5,4918796,2021-01-27
35.92,36.005,35.22,35.25,5409000,2021-01-28
35.64,35.77,35.11,35.18,3916091,2021-01-29
35.77,36.18,35.25,36.12,6051380,2021-02-01
36.97,37.05,36.715,36.82,6274695,2021-02-02
37.19,37.78,37.19,37.44,6804126,2021-02-03
37.61,37.95,37.195,37.81,5033691,2021-02-04
38.33,38.399,37.95,38.19,4379135,2021-02-05
38.47,38.98,38.47,38.94,4216169,2021-02-08
38.7,39.21,38.515,39.17,4904297,2021-02-09
39.24,39.47,39.01,39.28,5053553,2021-02-10
39.32,39.3799,38.87,38.97,3737989,2021-02-11
39.01,40.07,39.01,39.94,5785112,2021-02-12
40.19,40.47,40.05,40.45,5467395,2021-02-16
40.27,40.9599,40.125,40.89,7419244,2021-02-17
41.09,41.13,40.11,40.27,6717852,2021-02-18
40.26,40.495,39.55,39.68,5537456,2021-02-19
40.55,41.42,40.55,41.28,5814292,2021-02-22
41.15,41.73,40.741,41.62,5638173,2021-02-23
41.88,42.57,41.79,42.5,6504712,2021-02-24
42.32,42.77,42.15,42.46,4515201,2021-02-25
42.12,42.14,41.12,41.31,5913109,2021-02-26
41.3,41.61,40.31,40.6,6956008,2021-03-01
40.95,41.07,40.07,40.07,8272222,2021-03-02
40.88,41.65,40.55,41.14,4764356,2021-03-03
41.87,43.46,41.5,43.07,11815294,2021-03-04
44.08,44.507,43.91,44.44,7883312,2021-03-05
44.12,44.24,43.4301,43.5,5083900,2021-03-08
43.73,43.82,43.07,43.11,5503187,2021-03-09
43.28,43.81,42.7889,43.74,5733314,2021-03-10
43.91,44.64,43.7116,44.6,6588667,2021-03-11
44.36,44.63,44.23,44.35,4643187,2021-03-12
43.9,44.34,43.46,44.26,5720629,2021-03-15
43.57,44.103,43.315,43.83,4932389,2021-03-16
43.69,43.93,43.24,43.82,5837920,2021-03-17
42.99,43.0601,39.71,40.47,18824318,2021-03-18
40.83,41.99,40.26,41.77,6429976,2021-03-19
41.97,42.18,41.59,41.71,4162333,2021-03-22
40.29,40.91,39.27,39.37,12356899,2021-03-23
40.69,41.83,40.53,41.45,11330212,2021-03-24
40.47,40.62,39.31,39.89,9476983,2021-03-25
41.38,41.83,41.25,41.53,10091048,2021-03-26
41.23,41.9581,40.95,41.92,6376255,2021-03-29
41.16,41.66,41.04,41.17,4151647,2021-03-30
40.99,41.7,40.22,40.53,6368550,2021-03-31
41.47,42.175,40.3,41.84,11598385,2021-04-01
41.21,41.26,39.52,40.28,9801017,2021-04-05
41.16,41.69,40.58,40.7,6734247,2021-04-06
40.54,41.05,39.91,40.86,9987566,2021-04-07
40.64,40.93,40.27,40.82,4288194,2021-04-08
40.62,40.87,40.48,40.64,3705620,2021-04-09
41.28,41.5689,40.77,40.9,5998437,2021-04-12
41.33,41.475,41.15,41.4,5063623,2021-04-13
42.145,43.3853,42.01,43.04,9353490,2021-04-14
43.06,43.44,42.88,43.27,4391563,2021-04-15
43.34,43.38,42.98,43.18,4680019,2021-04-16
43.22,43.49,43.05,43.32,3324511,2021-04-19
43.35,43.42,42.04,42.74,6415215,2021-04-20
41.79,42.55,41.715,41.77,5800325,2021-04-21
42.24,42.2562,41.6,42.09,3278051,2021-04-22
41.91,42.6101,41.85,42.46,4206504,2021-04-23
41.78,42.52,41.74,42.33,3150859,2021-04-26
42.66,43.185,42.48,43.11,3454398,2021-04-27
43.44,43.97,43.36,43.53,5500913,2021-04-28
44.47,44.61,43.84,44.26,5920438,2021-04-29
43.38,43.55,43.05,43.27,5007308,2021-04-30
43.56,44.09,43.55,43.98,3309499,2021-05-03
44.74,44.91,44.33,44.87,5357589,2021-05-04
45.23,45.3,44.39,44.66,3437798,2021-05-05
44.8,44.82,44.15,44.41,6635611,2021-05-06
44.06,44.63,43.91,44.43,4253060,2021-05-07
44.85,44.91,43.9,44.48,4391910,2021-05-10
43.92,44.9311,43.92,44.87,6925403,2021-05-11
45.13,45.7,45.1,45.22,6837980,2021-05-12
43.98,44.476000000000006,43.345,43.81,7610654,2021-05-13
44.44,44.79,44.34,44.71,5058437,2021-05-14
44.88,45.41,44.86,45.39,3830998,2021-05-17
45.13,45.39,43.94,44.84,9166085,2021-05-18
43.7,43.7,42.53,43.43,9179983,2021-05-19
43.24,43.3202,42.32,42.48,5319985,2021-05-20
43.5,43.8,43.37,43.7,4204925,2021-05-21
44.28,45.15,44.11,45.02,5145970,2021-05-24
45.07,45.31,44.78,44.92,3602813,2021-05-25
44.74,45.3,44.635,45.2,3817149,2021-05-26
45.19,45.64,45.05,45.55,3192958,2021-05-27
45.82,45.93,45.175,45.42,4851676,2021-05-28
46.58,46.94,45.97,46.33,6374903,2021-06-01
46.56,47.025,46.36,46.9,3682378,2021-06-02
47.09,47.15,46.51,46.97,3378666,2021-06-03
47.45,47.49,47.01,47.26,3654435,2021-06-04
47.34,47.54,47.07,47.27,3871214,2021-06-07
47.08,47.9,46.8,47.88,5129075,2021-06-08
47.95,48.1,47.42,47.58,4609249,2021-06-09
47.99,48.16,46.9,47.83,8677273,2021-06-10
47.93,48.25,47.89,48.07,4385297,2021-06-11
48.4,48.605,48.08,48.32,4764855,2021-06-14
48.68,49.01,48.63,48.98,4356437,2021-06-15
48.86,49.46,48.75,48.75,6152566,2021-06-16
48.92,49.0,47.3301,48.04,11054169,2021-06-17
47.85,48.66,47.8419,48.36,6247629,2021-06-18
48.4,49.409,48.33,49.36,8816196,2021-06-21
49.3,49.6249,49.14,49.42,3734422,2021-06-22
50.09,50.25,49.58,49.72,4732716,2021-06-23
49.41,49.91,49.35,49.84,5415144,2021-06-24
50.03,50.33,49.485,50.25,5274196,2021-06-25
50.07,50.07,49.39,49.54,4247077,2021-06-28
49.94,50.14,49.48,49.89,3032268,2021-06-29
49.92,50.365,49.62,49.88,2848951,2021-06-30
51.21,51.4,50.42,50.62,4757480,2021-07-01
50.5,51.06,50.31,50.93,4438523,2021-07-02
50.62,50.7,49.315,49.9,10848136,2021-07-06
49.85,50.15,48.22,48.66,10566372,2021-07-07
48.71,49.54,48.32,49.52,6350418,2021-07-08
50.0,50.54,49.96,50.41,4279341,2021-07-09
49.94,50.38,49.62,50.31,2504741,2021-07-12
50.51,51.28,50.26,51.15,4387186,2021-07-13
51.13,51.18,49.28,49.7,6735255,2021-07-14
49.13,49.75,48.99,49.04,3927589,2021-07-15
49.4,49.56,48.38,49.14,4517916,2021-07-16
47.62,47.6425,45.35,45.84,8948924,2021-07-19
45.64,46.608999999999995,45.021,46.51,4781145,2021-07-20
47.36,48.46,47.36,48.27,6502578,2021-07-21
48.68,49.42,48.34,49.17,4516657,2021-07-22
49.25,49.53,49.03,49.47,2741346,2021-07-23
49.26,49.71,49.01,49.67,2857388,2021-07-26
49.58,49.71,49.04,49.47,2654782,2021-07-27
49.63,49.97,49.45,49.72,3104401,2021-07-28
50.18,50.69,50.07,50.64,2657914,2021-07-29
50.695,51.02,50.44,50.66,3605732,2021-07-30
50.35,50.43,48.63,49.18,5876514,2021-08-02
48.11,48.93,47.87,48.85,8234674,2021-08-03
47.54,48.14,47.175,47.2,6802995,2021-08-04
47.34,48.155,47.34,48.1,3124303,2021-08-05
48.42,48.51,47.35,47.57,5245040,2021-08-06
46.47,46.7,45.85,46.6,5248042,2021-08-09
46.97,48.01,46.9346,47.68,4148657,2021-08-10
47.2,48.34,46.91,48.3,5226988,2021-08-11
48.16,48.35,47.72,48.1,2826740,2021-08-12
48.11,48.23,47.32,47.43,3401810,2021-08-13
46.38,47.28,45.94,47.04,4736245,2021-08-16
46.66,47.2001,46.33,46.58,3086057,2021-08-17
46.73,46.84,45.29,45.4,5795489,2021-08-18
44.29,44.89,43.8,44.77,6017346,2021-08-19
43.9,44.31,43.42,43.43,4596557,2021-08-20
45.35,46.18,45.34,45.85,4578558,2021-08-23
46.67,47.47,46.61,47.37,4881893,2021-08-24
47.33,48.0,47.1,47.81,4801261,2021-08-25
47.24,47.8,46.95,47.48,4904375,2021-08-26
48.02,48.28,47.92,48.15,4109868,2021-08-27
48.15,48.59,47.86,48.4,3661529,2021-08-30
48.18,48.49,47.96,48.04,4069699,2021-08-31
47.36,48.24,47.1998,47.93,8122423,2021-09-01
49.01,49.515,48.93,48.95,6152060,2021-09-02
48.97,49.26,48.6,48.66,5343787,2021-09-03
47.93,48.37,47.73,48.04,3773598,2021-09-07
48.88,48.89,48.32,48.59,4176455,2021-09-08
47.82,48.87,47.4516,47.75,7491037,2021-09-09
49.0,49.04,48.67,48.8,3994507,2021-09-10
49.4,49.6999,49.16,49.48,3264008,2021-09-13
49.78,49.8,49.045,49.31,2952378,2021-09-14
50.45,51.0747,50.44,50.69,5717960,2021-09-15
50.55,50.84,50.0,50.7,2729195,2021-09-16
50.2,50.45,49.85,50.32,4634987,2021-09-17
49.57,49.82,48.89,49.6,4460857,2021-09-20
49.61,49.69,48.74,49.58,3450058,2021-09-21
50.26,50.72,50.09,50.48,2938785,2021-09-22
50.76,51.49,50.72,51.38,3030481,2021-09-23
51.29,52.0,51.26,51.82,2591076,2021-09-24
52.79,53.08,52.63,52.91,4389440,2021-09-27
53.46,53.5155,52.18,52.4,5253625,2021-09-28
52.56,53.1009,52.24,52.32,4428858,2021-09-29
51.7,53.36,51.38,52.56,12383403,2021-09-30
52.62,53.39,52.34,53.26,4791399,2021-10-01
54.07,55.0457,54.07,54.49,6919210,2021-10-04
55.27,55.73,55.16,55.63,5824067,2021-10-05
54.77,54.79,53.98,54.16,7943687,2021-10-06
54.02,55.36,53.74,55.36,6956410,2021-10-07
55.72,56.03,55.0598,55.47,5639994,2021-10-08
56.41,56.69,56.125,56.18,3831740,2021-10-11
56.32,56.72,55.83,56.11,5368009,2021-10-12
55.63,56.45,55.39,56.16,2848320,2021-10-13
56.65,56.85,56.15,56.81,3403386,2021-10-14
57.25,57.445,56.87,57.15,3622197,2021-10-15
57.73,57.92,56.7855,56.96,4094114,2021-10-18
56.9,57.88,56.7,57.42,4098793,2021-10-19
57.0,58.19,56.87,58.12,6031982,2021-10-20
57.58,57.81,56.34,57.41,4738847,2021-10-21
57.74,58.04,57.21,58.03,3350207,2021-10-22
58.42,58.69,57.78,57.83,5180159,2021-10-25
58.08,58.62,57.871,58.45,3509228,2021-10-26
57.64,58.17,56.875,56.9,6731442,2021-10-27
56.85,57.42,56.38,57.4,5412010,2021-10-28
56.79,57.39,56.402,57.15,5320799,2021-10-29
57.91,58.04,57.46,57.53,2787587,2021-11-01
57.31,57.76,57.09,57.53,2953926,2021-11-02
56.16,56.58,55.21,55.34,7707556,2021-11-03
57.31,57.4,54.53,54.92,9145495,2021-11-04
55.65,56.74,55.15,56.55,4738490,2021-11-05
56.58,57.13,56.56,57.09,3037582,2021-11-08
57.21,58.03,56.965,57.97,5106638,2021-11-09
57.79,58.01,55.95,56.32,5134448,2021-11-10
56.44,56.85,55.82,56.22,5376341,2021-11-11
55.81,56.35,55.65,55.98,5869773,2021-11-12
55.39,56.14,55.18,56.07,4955258,2021-11-15
56.0,56.5,55.68,56.2,4190095,2021-11-16
55.86,55.91,54.46,55.0,7492944,2021-11-17
55.37,55.77,54.8405,55.55,4625294,2021-11-18
54.84,54.93,53.515,53.78,6390452,2021-11-19
53.99,54.91,53.91,54.45,7362759,2021-11-22
55.45,56.27,55.44,56.2,5877397,2021-11-23
55.81,56.38,55.78,55.88,4109043,2021-11-24
52.33,52.38,48.56,49.63,18765587,2021-11-26
51.97,52.168,49.64,50.17,13571396,2021-11-29
48.62,49.11,46.47,47.91,21152510,2021-11-30
49.09,49.52,46.87,47.04,12432317,2021-12-01
46.53,48.595,46.16,48.29,14551952,2021-12-02
49.7,49.93,47.55,48.0,10857304,2021-12-03
49.05,50.7198,48.77,50.51,8107495,2021-12-06
51.32,52.5607,51.32,51.59,9476796,2021-12-07
51.77,52.66,51.71,52.42,5777971,2021-12-08
51.92,52.07,50.9704,51.02,5814108,2021-12-09
51.72,52.1,51.32,52.03,6198959,2021-12-10
51.55,52.1,51.201,51.44,6369983,2021-12-13
50.78,51.23,50.318999999999996,50.92,4796220,2021-12-14
50.64,51.6924,50.24,51.62,5326063,2021-12-15
51.57,52.46,51.29,51.87,4873275,2021-12-16
51.29,51.43,50.365,50.78,5807917,2021-12-17
49.03,49.98,47.96,49.9,8896667,2021-12-20
50.9,51.61,50.59,51.57,4867598,2021-12-21
51.42,52.515,51.25,52.48,5877182,2021-12-22
52.48,53.2353,52.35,53.13,3662728,2021-12-23
52.98,54.645,52.805,54.52,4329966,2021-12-27
54.83,55.14,54.54,54.67,2866004,2021-12-28
54.48,55.67,54.36,55.08,3933377,2021-12-29
55.32,55.73,55.03,55.1,3649031,2021-12-30
54.89,55.17,54.04,54.36,2497852,2021-12-31
53.97,55.16,53.94,54.83,5602883,2022-01-03
55.31,56.05,55.25,55.59,4856970,2022-01-04
56.16,56.48,55.43,55.43,5043460,2022-01-05
57.1,57.31,56.65,56.89,4954379,2022-01-06
56.9,57.04,56.365,56.67,6023687,2022-01-07
56.57,56.778,55.83,56.16,3758046,2022-01-10
56.95,58.28,56.54,58.16,6841489,2022-01-11
58.37,59.17,58.36,58.91,5171605,2022-01-12
59.02,59.13,58.2099,58.27,4680723,2022-01-13
59.1,59.98,59.07,59.97,6031241,2022-01-14
60.36,61.09,60.1605,60.97,6264583,2022-01-18
61.25,61.9,60.98,61.05,5435662,2022-01-19
61.24,62.17,60.605,60.66,4278403,2022-01-20
60.87,61.24,60.08,60.78,5410239,2022-01-21
59.91,60.2199,58.81,60.11,9108253,2022-01-24
59.91,61.17,59.88,60.97,6104811,2022-01-25
61.67,62.52,61.405,61.68,6735134,2022-01-26
62.66,62.71,61.36,61.86,5751637,2022-01-27
62.64,62.99,61.42,61.97,4187072,2022-01-28
62.19,62.5,61.36,62.48,3142803,2022-01-31
61.91,62.76,61.58,62.53,4308289,2022-02-01
62.78,62.86,61.75,62.52,3332603,2022-02-02
62.1,63.81,61.9,63.51,5222162,2022-02-03
64.68,65.35,64.65,64.91,4830401,2022-02-04
64.61,65.05,64.47,64.68,2247156,2022-02-07
63.71,63.83,62.85,63.62,4923181,2022-02-08
63.79,64.37,63.5099,64.17,3933680,2022-02-09
63.9,65.08,63.59,63.96,4787645,2022-02-10
64.43,66.34,64.37,65.74,12309152,2022-02-11
64.97,66.88,64.8,66.36,9540651,2022-02-14
64.2,64.4,63.535,64.28,10080896,2022-02-15
65.08,65.87,63.5,63.54,6978288,2022-02-16
63.62,64.5,63.42,64.17,7116171,2022-02-17
63.14,65.0,62.92,64.74,8438411,2022-02-18
66.86,66.93,65.28,65.54,9307794,2022-02-22
65.9,67.32,65.66,66.24,8562387,2022-02-23
70.19,70.24,65.07,66.34,18256681,2022-02-24
65.56,66.12,64.4009,65.8,8803349,2022-02-25
67.38,68.26,66.82,67.48,8886506,2022-02-28
70.34,72.63,70.1,71.82,16803618,2022-03-01
74.15,76.2,71.75,75.42,21956134,2022-03-02
74.76,76.37,74.0,74.53,18443835,2022-03-03
77.0,80.0,76.18,79.46,17358006,2022-03-04
79.93,83.4,79.7,82.37,16563343,2022-03-07
85.43,87.84,81.57,85.43,29882732,2022-03-08
80.0,81.1,72.27,75.47,29934554,2022-03-09
77.06,77.48,72.98,74.06,11738154,2022-03-10
74.81,76.55,74.26,76.4,7937333,2022-03-11
73.53,73.5556,71.46,72.84,9469996,2022-03-14
69.572,70.55,67.9,68.63,13575267,2022-03-15
70.64,71.08,67.73,68.28,7392709,2022-03-16
72.65,74.44,72.39,73.68,9653552,2022-03-17
74.25,75.0,73.55,74.64,4440881,2022-03-18
77.41,79.66,77.26,79.54,6410825,2022-03-21
78.69,79.6499,77.55,78.56,4175257,2022-03-22
81.38,82.48,81.08,81.95,6155112,2022-03-23
81.67,81.78,79.3,79.75,4417220,2022-03-24
78.88,81.73,78.41,80.74,7537811,2022-03-25
76.85,77.92,74.15,74.53,8934544,2022-03-28
72.3,76.43,72.07,76.15,8954765,2022-03-29
78.07,78.70100000000001,77.3,77.91,5239107,2022-03-30
75.76,76.84,73.34,74.12,10749354,2022-03-31
73.37,74.8,73.25,74.17,4926710,2022-04-01
76.46,77.2,75.33,76.86,6157062,2022-04-04
77.34,77.71,74.54,74.8,7542830,2022-04-05
76.25,76.745,72.16,73.05,7040894,2022-04-06
73.26,73.84,71.08,73.11,5749348,2022-04-07
72.69,74.6,72.39,74.11,5666326,2022-04-08
71.75,72.76,71.3,72.3,5209363,2022-04-11
74.95,76.38,74.914,75.98,6839774,2022-04-12
77.15,78.56,75.89,78.42,6918852,2022-04-13
77.34,80.44,77.23,79.57,7437239,2022-04-14
80.81,81.7,80.0,80.41,5326122,2022-04-18
78.06,78.085,76.34,76.86,7626118,2022-04-19
77.51,77.92,75.57,77.24,5056232,2022-04-20
78.34,79.27,77.07,78.12,4815715,2022-04-21
76.98,77.47,76.28,76.31,3730465,2022-04-22
72.64,74.99,71.98,74.65,5073583,2022-04-25
75.33,76.94,74.37,76.46,7354069,2022-04-26
75.12,76.61,74.87,76.37,4545789,2022-04-27
76.28,78.23,75.86,78.08,6858266,2022-04-28
78.8,79.68,76.94,77.16,6097913,2022-04-29
75.38,78.43,74.86,78.38,4467600,2022-05-02
76.92,77.83,76.04,76.69,2990713,2022-05-03
79.4,80.72,78.6594,80.22,5420096,2022-05-04
82.21,82.37,79.23,80.48,5997709,2022-05-05
81.63,82.41,80.43,82.13,5679727,2022-05-06
79.81,80.025,76.38,76.57,5630859,2022-05-09
77.07,77.33,74.22,74.53,5741028,2022-05-10
77.76,79.04,77.39,78.18,4659602,2022-05-11
78.49,79.47,77.91,79.23,4322726,2022-05-12
80.6,81.42,79.93,81.28,4194477,2022-05-13
81.0,83.39,80.82,83.11,4820683,2022-05-16
83.05,83.63,80.86,81.11,4118288,2022-05-17
82.02,82.04,78.65,79.29,3882187,2022-05-18
78.5,81.3499,78.45,80.58,4135323,2022-05-19
81.21,81.84,80.255,81.65,3103819,2022-05-20
81.36,82.16,80.91,81.97,2989776,2022-05-23
82.03,82.8399,81.34,82.0,1537588,2022-05-24
82.21,82.69,81.53,82.48,1940370,2022-05-25
83.15,85.1,83.15,84.59,3780767,2022-05-26
84.33,85.52,84.11,85.46,2372106,2022-05-27
87.99,88.32,84.7,85.47,7415986,2022-05-31
86.71,87.2,85.5,85.54,4762285,2022-06-01
85.88,87.49,85.27,87.25,3769453,2022-06-02
87.21,89.56,86.9588,89.47,3671471,2022-06-03
89.07,89.22,87.85,88.39,2315819,2022-06-06
88.68,90.11399999999999,88.09,90.04,3893801,2022-06-07
90.26,92.2,89.74,91.99,5357176,2022-06-08
91.03,91.4899,90.72,91.08,4583598,2022-06-09
90.24,90.78,88.5,90.13,5865152,2022-06-10
89.28,91.1538,87.68,90.36,6681905,2022-06-13
90.98,91.9164,87.365,88.45,4675862,2022-06-14
88.05,88.81,86.24,86.93,4420542,2022-06-15
86.44,88.55,85.0514,87.66,5171284,2022-06-16
86.5,86.775,81.94,83.34,8744629,2022-06-17
84.49,85.3,83.645,84.05,3674414,2022-06-21
78.83,82.33,78.49,80.88,5215381,2022-06-22
81.63,81.9,78.96,78.98,3918529,2022-06-23
80.19,82.17,79.63,81.27,3456227,2022-06-24
81.29,83.39200000000001,80.4,82.93,4591526,2022-06-27
83.99,85.17,83.33,84.72,4228045,2022-06-28
85.87,86.4,82.91,82.95,4619765,2022-06-29
82.09,82.3,79.93,80.35,4631548,2022-06-30
82.1,82.455,80.84,81.67,4689846,2022-07-01
78.47,78.52,73.42,74.78,10752713,2022-07-05
73.49,74.24,71.4638,73.67,8899458,2022-07-06
76.46,77.87,76.27,76.55,6993151,2022-07-07
78.59,79.01,77.08,78.54,6450590,2022-07-08
77.81,78.92,76.6267,78.23,4950327,2022-07-11
74.82,75.32,72.56,72.81,6104747,2022-07-12
73.07,74.5098,72.23,73.19,4365804,2022-07-13
71.02,73.3,69.51,72.85,5355782,2022-07-14
74.08,74.63,73.06,73.74,3367738,2022-07-15
76.92,77.54,76.53,76.81,5382169,2022-07-18
76.0,78.21,75.99,78.05,3171954,2022-07-19
77.17,78.26,76.48,77.64,3125904,2022-07-20
75.27,76.28,74.7,75.49,3979209,2022-07-21
75.18,76.58,74.43,74.53,5768495,2022-07-22
75.84,76.4,74.93,76.22,2807488,2022-07-25
77.3,77.44,75.0,75.16,2949302,2022-07-26
76.4,78.19,75.42,77.87,3166419,2022-07-27
78.45,78.52,76.48,77.13,4321970,2022-07-28
79.17,80.49,78.0,78.05,3632827,2022-07-29
74.79,75.62,74.01,75.13,3326801,2022-08-01
76.03,77.41,75.28,75.93,2737330,2022-08-02
76.28,76.55,73.3,73.53,4033687,2022-08-03
72.83,73.6,70.96,71.53,5215525,2022-08-04
70.46,73.18,70.42,71.54,3139189,2022-08-05
71.59,73.71,71.47,73.54,4433759,2022-08-08
74.2,74.92,72.6217,73.45,2492208,2022-08-09
73.25,74.98,71.45,74.32,4622340,2022-08-10
75.83,76.97,74.98,76.28,4687258,2022-08-11
75.34,75.46,74.3,74.98,2949618,2022-08-12
71.39,73.36,71.26,72.88,4446244,2022-08-15
72.67,73.84,70.67,71.24,5750105,2022-08-16
71.65,73.17,71.09,72.05,3800672,2022-08-17
73.59,74.83,73.32,74.21,3315899,2022-08-18
74.05,75.37,73.8309,74.06,2700587,2022-08-19
72.79,74.77,71.45,74.68,7937326,2022-08-22
75.83,77.2756,75.81,76.83,3782049,2022-08-23
76.85,78.07,76.22,78.04,3857433,2022-08-24
78.34,78.38,75.83,76.5,2960226,2022-08-25
75.46,76.1901,74.765,75.85,2424609,2022-08-26
